{"train_acc": 0.821656050955414, "test_acc": 0.788135593220339, "train_loss": 0.4228628323336316, "test_loss": 0.47338656500234444}