{"train_acc": 0.7908704883227177, "test_acc": 0.7838983050847458, "train_loss": 0.4637286643440303, "test_loss": 0.4575754909192101}