{"train_acc": 0.821656050955414, "test_acc": 0.7457627118644068, "train_loss": 0.44106025218710526, "test_loss": 0.5260716696917}