{"train_acc": 0.8842887473460722, "test_acc": 0.826271186440678, "train_loss": 0.29239737215568556, "test_loss": 0.3744870732396336}