{"train_acc": 0.8312101910828026, "test_acc": 0.7457627118644068, "train_loss": 0.40187527672753465, "test_loss": 0.4542695768808914}