{"train_acc": 0.8237791932059448, "test_acc": 0.7923728813559322, "train_loss": 0.40379532671784646, "test_loss": 0.467625748302977}