{"train_acc": 0.8290870488322718, "test_acc": 0.7754237288135594, "train_loss": 0.3914904740585643, "test_loss": 0.4554005785513732}