{"train_acc": 0.8142250530785563, "test_acc": 0.8008474576271186, "train_loss": 0.4158666612236363, "test_loss": 0.4411989213046381}