{"train_acc": 0.8439490445859873, "test_acc": 0.7838983050847458, "train_loss": 0.3392261245827766, "test_loss": 0.45981173899214145}