{"train_acc": 0.821656050955414, "test_acc": 0.7754237288135594, "train_loss": 0.3949026003511595, "test_loss": 0.45993290816323235}