{"train_acc": 0.5483333333333333, "test_acc": 0.51, "train_loss": 0.9099680995941162, "test_loss": 0.9518734844525655}