{"train_acc": 0.5658333333333333, "test_acc": 0.5466666666666666, "train_loss": 0.8877655021349589, "test_loss": 0.9267585905392964}