{"train_acc": 0.5216666666666666, "test_acc": 0.5433333333333333, "train_loss": 0.9536065586407979, "test_loss": 0.9672311719258626}