{"train_acc": 0.5566666666666666, "test_acc": 0.5233333333333333, "train_loss": 0.9011680102348327, "test_loss": 0.9618214201927185}