{"train_acc": 0.5458333333333333, "test_acc": 0.52, "train_loss": 0.9068161718050639, "test_loss": 0.9537832411130269}