{"train_acc": 0.5641666666666667, "test_acc": 0.5066666666666667, "train_loss": 0.8949366728464763, "test_loss": 0.9708074482282003}