{"train_acc": 0.5433333333333333, "test_acc": 0.51, "train_loss": 0.9212970185279846, "test_loss": 0.940315937201182}