{"train_acc": 0.555, "test_acc": 0.4766666666666667, "train_loss": 0.9202980454762777, "test_loss": 0.9741622153917948}