{"train_acc": 0.5408333333333334, "test_acc": 0.49, "train_loss": 0.9123316931724549, "test_loss": 0.9553698253631592}