{"train_acc": 0.5466666666666666, "test_acc": 0.5366666666666666, "train_loss": 0.9011683368682861, "test_loss": 0.9422240440050761}