{"train_acc": 0.79125, "test_acc": 0.77, "train_loss": 0.446595401763916, "test_loss": 0.47363609075546265}