{"train_acc": 0.8125, "test_acc": 0.78, "train_loss": 0.38611199498176574, "test_loss": 0.483012900352478}