{"train_acc": 0.805, "test_acc": 0.76, "train_loss": 0.37099491715431215, "test_loss": 0.4754644799232483}