{"train_acc": 0.81625, "test_acc": 0.775, "train_loss": 0.3572657632827759, "test_loss": 0.40640018582344056}