{"train_acc": 0.825, "test_acc": 0.79, "train_loss": 0.36262588858604433, "test_loss": 0.4673415994644165}