{"train_acc": 0.77875, "test_acc": 0.755, "train_loss": 0.42693531155586245, "test_loss": 0.4788342249393463}