{"train_acc": 0.79625, "test_acc": 0.745, "train_loss": 0.42920158386230467, "test_loss": 0.47381544470787046}