{"train_acc": 0.8275, "test_acc": 0.775, "train_loss": 0.3736743128299713, "test_loss": 0.45564425945281983}