{"train_acc": 0.82125, "test_acc": 0.745, "train_loss": 0.35954219579696656, "test_loss": 0.47146719455718994}