{"train_acc": 0.84125, "test_acc": 0.75, "train_loss": 0.34143219351768495, "test_loss": 0.47024189949035644}