{"train_acc": 0.83125, "test_acc": 0.765, "train_loss": 0.36515284299850465, "test_loss": 0.496699800491333}