{"train_acc": 0.7775, "test_acc": 0.77, "train_loss": 0.4252031934261322, "test_loss": 0.4610592484474182}