{"train_acc": 0.79625, "test_acc": 0.78, "train_loss": 0.39348012566566465, "test_loss": 0.45536222219467165}