{"train_acc": 0.81625, "test_acc": 0.76, "train_loss": 0.3533172011375427, "test_loss": 0.44527789115905764}