{"train_acc": 0.7875, "test_acc": 0.77, "train_loss": 0.4293613624572754, "test_loss": 0.4617977261543274}