{"train_acc": 0.80625, "test_acc": 0.725, "train_loss": 0.3880856442451477, "test_loss": 0.4442601990699768}