{"train_acc": 0.7875, "test_acc": 0.73, "train_loss": 0.4328790283203125, "test_loss": 0.49395997524261476}