{"train_acc": 0.82625, "test_acc": 0.71, "train_loss": 0.36731571078300473, "test_loss": 0.4792433571815491}