{"train_acc": 0.81, "test_acc": 0.785, "train_loss": 0.35296555757522585, "test_loss": 0.4182099163532257}