{"train_acc": 0.78, "test_acc": 0.725, "train_loss": 0.43861037969589234, "test_loss": 0.4892695236206055}