{"train_acc": 0.80375, "test_acc": 0.78, "train_loss": 0.36160278677940366, "test_loss": 0.4415678834915161}