{"train_acc": 0.81625, "test_acc": 0.765, "train_loss": 0.36090221524238586, "test_loss": 0.4649917936325073}