{"train_acc": 0.614, "test_acc": 0.6, "train_loss": 0.8748396334648132, "test_loss": 1.6976711707115173}