{"train_acc": 0.6705, "test_acc": 0.668, "train_loss": 0.782739556312561, "test_loss": 31.52340641784668}