{"train_acc": 0.64075, "test_acc": 0.604, "train_loss": 0.7936879467964172, "test_loss": 2.372444257736206}