{"train_acc": 0.6805, "test_acc": 0.672, "train_loss": 0.7562635340690613, "test_loss": 12.059550401687622}