{"train_acc": 0.6185, "test_acc": 0.635, "train_loss": 0.8394634509086609, "test_loss": 7.969104652404785}