{"train_acc": 0.675, "test_acc": 0.662, "train_loss": 0.7975966062545776, "test_loss": 1.5721201276779175}