{"train_acc": 0.6355, "test_acc": 0.651, "train_loss": 0.8408771162033081, "test_loss": 7.093884424686432}