{"train_acc": 0.67375, "test_acc": 0.676, "train_loss": 0.945289158821106, "test_loss": 9.10970644378662}