{"train_acc": 0.67475, "test_acc": 0.681, "train_loss": 0.7689369268417359, "test_loss": 5.452895637512207}