{"train_acc": 0.66075, "test_acc": 0.67, "train_loss": 0.7727780222892762, "test_loss": 16.081194067955018}