{"train_acc": 0.7640449438202247, "test_acc": 0.7713004484304933, "train_loss": 0.5021340500102954, "test_loss": 0.4825368822957368}