{"train_acc": 0.7865168539325843, "test_acc": 0.695067264573991, "train_loss": 0.4979312265856882, "test_loss": 0.5568497132827348}