{"train_acc": 0.7707865168539326, "test_acc": 0.7174887892376681, "train_loss": 0.4908449038360896, "test_loss": 0.6029735325163256}