{"train_acc": 0.7955056179775281, "test_acc": 0.7399103139013453, "train_loss": 0.47052560254429165, "test_loss": 0.5138993509147199}