{"train_acc": 0.7573033707865169, "test_acc": 0.7847533632286996, "train_loss": 0.5051757435450394, "test_loss": 0.5171777183699501}