{"train_acc": 0.8033707865168539, "test_acc": 0.7354260089686099, "train_loss": 0.4619271140420035, "test_loss": 0.5695870021533539}