{"train_acc": 0.8247191011235955, "test_acc": 0.7533632286995515, "train_loss": 0.39809579494294156, "test_loss": 0.516055398457788}