{"train_acc": 0.7730337078651686, "test_acc": 0.7399103139013453, "train_loss": 0.49369775539033867, "test_loss": 0.539318011747882}