{"train_acc": 0.7629213483146068, "test_acc": 0.7399103139013453, "train_loss": 0.5403910034158257, "test_loss": 0.5334936861500077}