{"train_acc": 0.7921348314606742, "test_acc": 0.7354260089686099, "train_loss": 0.4590514881557293, "test_loss": 0.572464666826308}