{"train_acc": 0.5725, "test_acc": 0.5133333333333333, "train_loss": 0.8808061941464742, "test_loss": 0.9712279264132182}