{"train_acc": 0.5683333333333334, "test_acc": 0.5533333333333333, "train_loss": 0.874474868774414, "test_loss": 0.9342586008707682}