{"train_acc": 0.5583333333333333, "test_acc": 0.48, "train_loss": 0.9091912047068278, "test_loss": 0.9845704078674317}