{"train_acc": 0.5341666666666667, "test_acc": 0.5433333333333333, "train_loss": 0.9192691246668497, "test_loss": 0.9275295511881511}