{"train_acc": 0.5658333333333333, "test_acc": 0.5666666666666667, "train_loss": 0.8806840761502583, "test_loss": 0.8991128778457642}