{"train_acc": 0.5766666666666667, "test_acc": 0.47333333333333333, "train_loss": 0.8682974330584208, "test_loss": 1.0039711300532024}