{"train_acc": 0.5658333333333333, "test_acc": 0.5333333333333333, "train_loss": 0.8813221716880798, "test_loss": 0.9081073983510335}