{"train_acc": 0.5675, "test_acc": 0.52, "train_loss": 0.8842932613690694, "test_loss": 0.951072854200999}