{"train_acc": 0.5625, "test_acc": 0.5533333333333333, "train_loss": 0.8941636013984681, "test_loss": 0.9344755395253499}