{"train_acc": 0.555, "test_acc": 0.5133333333333333, "train_loss": 0.9167904059092203, "test_loss": 0.9888660605748495}