{"train_acc": 0.8066666666666666, "test_acc": 0.6578947368421053, "train_loss": 0.43758929093678794, "test_loss": 0.5034266114234924}