{"train_acc": 0.7533333333333333, "test_acc": 0.7631578947368421, "train_loss": 0.4497159234682719, "test_loss": 0.4649294316768646}