{"train_acc": 0.8, "test_acc": 0.8421052631578947, "train_loss": 0.414144434928894, "test_loss": 0.447145015001297}