{"train_acc": 0.78, "test_acc": 0.7894736842105263, "train_loss": 0.46542558550834656, "test_loss": 0.49100202322006226}