{"train_acc": 0.78, "test_acc": 0.7631578947368421, "train_loss": 0.4678199966748556, "test_loss": 0.4388451874256134}