{"train_acc": 0.7866666666666666, "test_acc": 0.7368421052631579, "train_loss": 0.44441131393114724, "test_loss": 0.4633365869522095}