{"train_acc": 0.78, "test_acc": 0.6842105263157895, "train_loss": 0.4792198391755422, "test_loss": 0.5391883850097656}