{"train_acc": 0.7666666666666667, "test_acc": 0.868421052631579, "train_loss": 0.4500274689992269, "test_loss": 0.3949214518070221}