{"train_acc": 0.82, "test_acc": 0.7368421052631579, "train_loss": 0.4099249255657196, "test_loss": 0.4670126140117645}