{"train_acc": 0.7666666666666667, "test_acc": 0.8157894736842105, "train_loss": 0.46028136372566225, "test_loss": 0.4175686836242676}