{"train_acc": 0.86, "test_acc": 0.8421052631578947, "train_loss": 0.3543969909350077, "test_loss": 0.3788859248161316}