{"train_acc": 0.88, "test_acc": 0.7631578947368421, "train_loss": 0.3437488158543905, "test_loss": 0.4591270685195923}