{"train_acc": 0.8666666666666667, "test_acc": 0.868421052631579, "train_loss": 0.3525510867436727, "test_loss": 0.40725386142730713}