{"train_acc": 0.8333333333333334, "test_acc": 0.9473684210526315, "train_loss": 0.38515116135279337, "test_loss": 0.24022817611694336}