{"train_acc": 0.8466666666666667, "test_acc": 0.868421052631579, "train_loss": 0.33496579686800637, "test_loss": 0.2972622513771057}