{"train_acc": 0.8666666666666667, "test_acc": 0.868421052631579, "train_loss": 0.3482928152879079, "test_loss": 0.3311832547187805}