{"train_acc": 0.82, "test_acc": 0.9736842105263158, "train_loss": 0.4504969227313995, "test_loss": 0.18075108528137207}