{"train_acc": 0.8666666666666667, "test_acc": 0.868421052631579, "train_loss": 0.33827490170796715, "test_loss": 0.3203268051147461}