{"train_acc": 0.8666666666666667, "test_acc": 0.8157894736842105, "train_loss": 0.3792014292875926, "test_loss": 0.41686195135116577}