{"train_acc": 0.8733333333333333, "test_acc": 0.8421052631578947, "train_loss": 0.3326059051354726, "test_loss": 0.29180338978767395}