{"train_acc": 0.5988764044943821, "test_acc": 0.6367713004484304, "train_loss": 0.6271656005570058, "test_loss": 0.5941348864358637}