{"train_acc": 0.7325842696629213, "test_acc": 0.7174887892376681, "train_loss": 0.5670611046673206, "test_loss": 0.5796457232381196}