{"train_acc": 0.6157303370786517, "test_acc": 0.5919282511210763, "train_loss": 0.6655562344561802, "test_loss": 0.6739858469086377}