{"train_acc": 0.7235955056179775, "test_acc": 0.7354260089686099, "train_loss": 0.5737756971562846, "test_loss": 0.5591072790291277}