{"train_acc": 0.7415730337078652, "test_acc": 0.7533632286995515, "train_loss": 0.5497102772251944, "test_loss": 0.5438653003474522}