{"train_acc": 0.5955056179775281, "test_acc": 0.6278026905829597, "train_loss": 0.6419364272878411, "test_loss": 0.6071073714927707}