{"train_acc": 0.7426966292134831, "test_acc": 0.726457399103139, "train_loss": 0.5559873121508052, "test_loss": 0.5535146329434998}