{"train_acc": 0.648314606741573, "test_acc": 0.6771300448430493, "train_loss": 0.6031723842192231, "test_loss": 0.5851759202277179}