{"train_acc": 0.7, "test_acc": 0.695067264573991, "train_loss": 0.5627947822045745, "test_loss": 0.5835488203395108}