{"train_acc": 0.6764044943820224, "test_acc": 0.6905829596412556, "train_loss": 0.5705278712711978, "test_loss": 0.5689431439600718}