{"train_acc": 0.42083333333333334, "test_acc": 0.43333333333333335, "train_loss": 0.9821420669555664, "test_loss": 2.1721795272827147}