{"train_acc": 0.4075, "test_acc": 0.3333333333333333, "train_loss": 1.0216045347849527, "test_loss": 1.397958475748698}