{"train_acc": 0.43166666666666664, "test_acc": 0.45666666666666667, "train_loss": 0.9931158487002055, "test_loss": 1.017582589785258}