{"train_acc": 0.5433333333333333, "test_acc": 0.47333333333333333, "train_loss": 0.9330167984962463, "test_loss": 1.0769616508483886}