{"train_acc": 0.4675, "test_acc": 0.37666666666666665, "train_loss": 0.9695996793111166, "test_loss": 1.8786624272664387}