{"train_acc": 0.4325, "test_acc": 0.4, "train_loss": 1.007212482293447, "test_loss": 1.0561179320017497}