{"train_acc": 0.4866666666666667, "test_acc": 0.47, "train_loss": 0.9803132756551107, "test_loss": 1.9431186485290528}