{"train_acc": 0.4066666666666667, "test_acc": 0.36333333333333334, "train_loss": 0.9991188136736552, "test_loss": 3.008465461730957}