{"train_acc": 0.41083333333333333, "test_acc": 0.43, "train_loss": 1.0905863984425863, "test_loss": 1.0132655811309814}