{"train_acc": 0.4708333333333333, "test_acc": 0.4166666666666667, "train_loss": 0.9750949454307556, "test_loss": 1.0559504103660584}