{"train_acc": 0.9733333333333334, "test_acc": 1.0, "train_loss": 0.08030698210000992, "test_loss": 0.09760979562997818}