{"train_acc": 0.98, "test_acc": 0.9473684210526315, "train_loss": 0.05408913552761078, "test_loss": 0.17691273987293243}