{"train_acc": 0.9533333333333334, "test_acc": 0.9210526315789473, "train_loss": 0.12912699123223623, "test_loss": 0.19068270921707153}