{"train_acc": 0.92, "test_acc": 0.9473684210526315, "train_loss": 0.18867722451686858, "test_loss": 0.18945518136024475}