{"train_acc": 0.96, "test_acc": 0.9736842105263158, "train_loss": 0.08365632593631744, "test_loss": 0.08556622266769409}