{"train_acc": 0.88, "test_acc": 0.8421052631578947, "train_loss": 0.23925613602002463, "test_loss": 0.29162392020225525}