{"train_acc": 0.96, "test_acc": 0.8421052631578947, "train_loss": 0.11113952239354452, "test_loss": 0.2466617375612259}