{"train_acc": 0.9266666666666666, "test_acc": 0.9210526315789473, "train_loss": 0.2036265766620636, "test_loss": 0.2629106044769287}