{"train_acc": 0.9866666666666667, "test_acc": 0.9736842105263158, "train_loss": 0.052281887233257295, "test_loss": 0.11113770306110382}