{"train_acc": 0.9466666666666667, "test_acc": 0.8947368421052632, "train_loss": 0.12173735857009887, "test_loss": 0.24596449732780457}