{"train_acc": 0.78, "test_acc": 0.665, "train_loss": 0.4264146661758423, "test_loss": 0.640286021232605}