{"train_acc": 0.72375, "test_acc": 0.675, "train_loss": 0.4530549895763397, "test_loss": 0.5159526872634888}