{"train_acc": 0.7575, "test_acc": 0.695, "train_loss": 0.45928081512451174, "test_loss": 0.5633473873138428}