{"train_acc": 0.71875, "test_acc": 0.69, "train_loss": 0.5278486585617066, "test_loss": 0.5509290361404419}