{"train_acc": 0.80125, "test_acc": 0.75, "train_loss": 0.37487243056297304, "test_loss": 0.6295465207099915}