{"train_acc": 0.73625, "test_acc": 0.72, "train_loss": 0.46863190054893494, "test_loss": 1.95824236869812}