{"train_acc": 0.7575, "test_acc": 0.715, "train_loss": 0.4628387403488159, "test_loss": 0.6321494007110595}