{"train_acc": 0.74625, "test_acc": 0.72, "train_loss": 0.44756695747375486, "test_loss": 0.5239539742469788}