{"train_acc": 0.81625, "test_acc": 0.7, "train_loss": 0.35041414737701415, "test_loss": 0.6546732664108277}