{"train_acc": 0.7, "test_acc": 0.68, "train_loss": 0.5209077095985413, "test_loss": 1.3930856990814209}