{"train_acc": 0.675, "test_acc": 0.69, "train_loss": 0.5261694359779358, "test_loss": 0.5129562473297119}