{"train_acc": 0.8575, "test_acc": 0.799, "train_loss": 0.3233606762886047, "test_loss": 0.4395957126617432}