{"train_acc": 0.86925, "test_acc": 0.834, "train_loss": 0.2963747395277023, "test_loss": 0.38736695957183837}