{"train_acc": 0.83025, "test_acc": 0.829, "train_loss": 0.3635545682907104, "test_loss": 0.41919149899482727}