{"train_acc": 0.863, "test_acc": 0.837, "train_loss": 0.3140647683143616, "test_loss": 0.38910809278488157}