{"train_acc": 0.8695, "test_acc": 0.801, "train_loss": 0.30230281472206116, "test_loss": 0.44667436242103575}