{"train_acc": 0.874, "test_acc": 0.827, "train_loss": 0.2885284307003021, "test_loss": 0.40626595449447633}