{"train_acc": 0.87525, "test_acc": 0.809, "train_loss": 0.2818448003530502, "test_loss": 0.4226930663585663}