{"train_acc": 0.87, "test_acc": 0.826, "train_loss": 0.2914763994216919, "test_loss": 0.437792359828949}