{"train_acc": 0.87225, "test_acc": 0.814, "train_loss": 0.2910357969999313, "test_loss": 0.4542793073654175}