{"train_acc": 0.84825, "test_acc": 0.825, "train_loss": 0.3389635970592499, "test_loss": 0.3929211316108704}