{"train_acc": 0.8565, "test_acc": 0.79, "train_loss": 0.3193462793827057, "test_loss": 0.44964921998977664}