{"train_acc": 0.87925, "test_acc": 0.819, "train_loss": 0.29185791420936585, "test_loss": 0.4241405248641968}