{"train_acc": 0.8795, "test_acc": 0.812, "train_loss": 0.2829811577796936, "test_loss": 0.4293163707256317}