{"train_acc": 0.83975, "test_acc": 0.777, "train_loss": 0.3411354010105133, "test_loss": 0.45424532556533814}