{"train_acc": 0.87725, "test_acc": 0.823, "train_loss": 0.28851277780532836, "test_loss": 0.40379382848739626}