{"train_acc": 0.885, "test_acc": 0.846, "train_loss": 0.2721632549762726, "test_loss": 0.39564927315711973}