{"train_acc": 0.857, "test_acc": 0.802, "train_loss": 0.3243940563201904, "test_loss": 0.4345098419189453}