{"train_acc": 0.862, "test_acc": 0.807, "train_loss": 0.3173442962169647, "test_loss": 0.41767290425300596}