{"train_acc": 0.86725, "test_acc": 0.806, "train_loss": 0.28458690929412844, "test_loss": 0.4410696289539337}