{"train_acc": 0.8865, "test_acc": 0.808, "train_loss": 0.27708146047592164, "test_loss": 0.400869277715683}