{"train_acc": 0.975583864118896, "test_acc": 0.7923728813559322, "train_loss": 0.18511128441416788, "test_loss": 0.4666759912240303}