{"train_acc": 0.9479830148619958, "test_acc": 0.7966101694915254, "train_loss": 0.2543634531540982, "test_loss": 0.4749171102451066}