{"train_acc": 0.8949044585987261, "test_acc": 0.7796610169491526, "train_loss": 0.30030400858057027, "test_loss": 0.49373419608099983}