{"train_acc": 0.9692144373673036, "test_acc": 0.7584745762711864, "train_loss": 0.19287190176625668, "test_loss": 0.47675324142989467}