{"train_acc": 0.940552016985138, "test_acc": 0.7838983050847458, "train_loss": 0.274859356146203, "test_loss": 0.4607164713285737}