{"train_acc": 0.8906581740976646, "test_acc": 0.7669491525423728, "train_loss": 0.3313284287913337, "test_loss": 0.47959835347482715}