{"train_acc": 0.9416135881104034, "test_acc": 0.7754237288135594, "train_loss": 0.26108261923881093, "test_loss": 0.5038738200220011}