{"train_acc": 0.8503184713375797, "test_acc": 0.7796610169491526, "train_loss": 0.4214145879077304, "test_loss": 0.5001297628475447}