{"train_acc": 0.8428874734607219, "test_acc": 0.75, "train_loss": 0.41042562205573807, "test_loss": 0.4926659293093924}