{"train_acc": 0.9554140127388535, "test_acc": 0.7838983050847458, "train_loss": 0.2503242687877829, "test_loss": 0.5076890527191809}