{"train_acc": 0.8333333333333334, "test_acc": 0.7457627118644068, "train_loss": 0.4595021111317248, "test_loss": 0.5491221658254074}