{"train_acc": 0.7247191011235955, "test_acc": 0.7354260089686099, "train_loss": 0.5727709036194877, "test_loss": 0.5774452186486112}