{"train_acc": 0.7067415730337079, "test_acc": 0.7040358744394619, "train_loss": 0.6127178386356054, "test_loss": 0.6163370366053731}