{"train_acc": 0.751685393258427, "test_acc": 0.7488789237668162, "train_loss": 0.5474210580413261, "test_loss": 0.5236329978891552}