{"train_acc": 0.7651685393258427, "test_acc": 0.7309417040358744, "train_loss": 0.5213268636317735, "test_loss": 0.5484758690333688}