{"train_acc": 0.7528089887640449, "test_acc": 0.7623318385650224, "train_loss": 0.5240994047582819, "test_loss": 0.47412927081232115}