{"train_acc": 0.7269662921348314, "test_acc": 0.7174887892376681, "train_loss": 0.5627707167957606, "test_loss": 0.5480858539252004}