{"train_acc": 0.749438202247191, "test_acc": 0.7309417040358744, "train_loss": 0.6223514569609353, "test_loss": 0.5834337975412206}