{"train_acc": 0.5943820224719101, "test_acc": 0.600896860986547, "train_loss": 0.6373865810672888, "test_loss": 0.6284906837437719}