{"train_acc": 0.6179775280898876, "test_acc": 0.5874439461883408, "train_loss": 0.8754970529106226, "test_loss": 0.6140936372526024}