{"train_acc": 0.755056179775281, "test_acc": 0.7130044843049327, "train_loss": 0.5529118201036132, "test_loss": 0.544298824440738}