{"train_acc": 0.8131634819532909, "test_acc": 0.7838983050847458, "train_loss": 0.44218887246338423, "test_loss": 0.47412625308764184}