{"train_acc": 0.8152866242038217, "test_acc": 0.7796610169491526, "train_loss": 0.4443736798950568, "test_loss": 0.4682829228498168}