{"train_acc": 0.8471337579617835, "test_acc": 0.8220338983050848, "train_loss": 0.3991930158907694, "test_loss": 0.4371578067035998}