{"train_acc": 0.8471337579617835, "test_acc": 0.809322033898305, "train_loss": 0.37033421566785013, "test_loss": 0.4923908942836826}