{"train_acc": 0.8492569002123143, "test_acc": 0.8135593220338984, "train_loss": 0.3934260688389942, "test_loss": 0.4396747285026615}