{"train_acc": 0.8386411889596603, "test_acc": 0.7923728813559322, "train_loss": 0.38943436520367924, "test_loss": 0.4754063562821534}