{"train_acc": 0.79723991507431, "test_acc": 0.7966101694915254, "train_loss": 0.4536624370486873, "test_loss": 0.47711588568606617}