{"train_acc": 0.8110403397027601, "test_acc": 0.8220338983050848, "train_loss": 0.45252407533601086, "test_loss": 0.4153954295788781}