{"train_acc": 0.856687898089172, "test_acc": 0.7966101694915254, "train_loss": 0.3622085695054121, "test_loss": 0.491612742007789}