{"train_acc": 0.8152866242038217, "test_acc": 0.7754237288135594, "train_loss": 0.41652872551019027, "test_loss": 0.4649440661325293}