{"train_acc": 0.7611464968152867, "test_acc": 0.7161016949152542, "train_loss": 0.4396882172982404, "test_loss": 0.5171244785947314}