{"train_acc": 0.7292993630573248, "test_acc": 0.6949152542372882, "train_loss": 0.44595847324707455, "test_loss": 0.4951462654744164}