{"train_acc": 0.7908704883227177, "test_acc": 0.7796610169491526, "train_loss": 0.46274365095575903, "test_loss": 0.48707541267750626}