{"train_acc": 0.667728237791932, "test_acc": 0.6694915254237288, "train_loss": 0.5629704452877086, "test_loss": 0.6140949554362539}