{"train_acc": 0.8142250530785563, "test_acc": 0.7542372881355932, "train_loss": 0.38873267268678946, "test_loss": 0.49394276485604754}