{"train_acc": 0.6602972399150743, "test_acc": 0.6483050847457628, "train_loss": 0.6232483278161148, "test_loss": 0.6198434364997735}