{"train_acc": 0.7929936305732485, "test_acc": 0.7627118644067796, "train_loss": 0.4449494558914452, "test_loss": 0.4886824023925652}