{"train_acc": 0.7622080679405521, "test_acc": 0.711864406779661, "train_loss": 0.5121167261635928, "test_loss": 0.5572733404272694}