{"train_acc": 0.7590233545647559, "test_acc": 0.6779661016949152, "train_loss": 0.494258197882626, "test_loss": 0.5494947984056958}