{"train_acc": 0.6878980891719745, "test_acc": 0.6779661016949152, "train_loss": 0.6081731510516691, "test_loss": 0.6287218524237811}