{"train_acc": 0.5858333333333333, "test_acc": 0.5566666666666666, "train_loss": 0.8484988403320313, "test_loss": 0.9137209304173788}