{"train_acc": 0.5566666666666666, "test_acc": 0.57, "train_loss": 0.8927394644419352, "test_loss": 0.878596331278483}