{"train_acc": 0.5875, "test_acc": 0.49, "train_loss": 0.8475548005104065, "test_loss": 0.9528183460235595}