{"train_acc": 0.5766666666666667, "test_acc": 0.5366666666666666, "train_loss": 0.8507496992746989, "test_loss": 0.9305729587872823}