{"train_acc": 0.5941666666666666, "test_acc": 0.5233333333333333, "train_loss": 0.8215306655565897, "test_loss": 0.957451122601827}