{"train_acc": 0.57, "test_acc": 0.5666666666666667, "train_loss": 0.8756556359926859, "test_loss": 0.9035204076766967}