{"train_acc": 0.5483333333333333, "test_acc": 0.5566666666666666, "train_loss": 0.8897768886884053, "test_loss": 0.9531740935643515}