{"train_acc": 0.5375, "test_acc": 0.5033333333333333, "train_loss": 0.9292835768063863, "test_loss": 0.9429391479492187}