{"train_acc": 0.5466666666666666, "test_acc": 0.5033333333333333, "train_loss": 0.8997571214040121, "test_loss": 0.9466240930557251}