{"train_acc": 0.58, "test_acc": 0.5, "train_loss": 0.874056384563446, "test_loss": 0.9444883108139038}