{"train_acc": 0.7733333333333333, "test_acc": 0.631578947368421, "train_loss": 0.42198596398035687, "test_loss": 0.5130863785743713}