{"train_acc": 0.8266666666666667, "test_acc": 0.6842105263157895, "train_loss": 0.33419612924257913, "test_loss": 0.4572279453277588}