{"train_acc": 0.8, "test_acc": 0.7631578947368421, "train_loss": 0.3503173585732778, "test_loss": 0.4023060202598572}