{"train_acc": 0.84, "test_acc": 0.8421052631578947, "train_loss": 0.3224391978979111, "test_loss": 0.28411710262298584}