{"train_acc": 0.76, "test_acc": 0.7631578947368421, "train_loss": 0.40765922745068867, "test_loss": 0.4058193564414978}