{"train_acc": 0.7866666666666666, "test_acc": 0.8157894736842105, "train_loss": 0.4031911035378774, "test_loss": 0.3446922302246094}