{"train_acc": 0.8733333333333333, "test_acc": 0.7894736842105263, "train_loss": 0.3355761710802714, "test_loss": 0.38285985589027405}