{"train_acc": 0.7066666666666667, "test_acc": 0.7631578947368421, "train_loss": 0.4512141474088033, "test_loss": 0.4787878096103668}