{"train_acc": 0.76, "test_acc": 0.7631578947368421, "train_loss": 0.42110973914464317, "test_loss": 0.5083971619606018}