{"train_acc": 0.7133333333333334, "test_acc": 0.6842105263157895, "train_loss": 0.4439415101210276, "test_loss": 0.5336441993713379}