{"train_acc": 0.77875, "test_acc": 0.715, "train_loss": 0.4426928639411926, "test_loss": 0.4925758695602417}