{"train_acc": 0.77, "test_acc": 0.765, "train_loss": 0.4095785629749298, "test_loss": 0.4428597664833069}