{"train_acc": 0.77125, "test_acc": 0.725, "train_loss": 0.4043481707572937, "test_loss": 0.43680362224578856}