{"train_acc": 0.78375, "test_acc": 0.765, "train_loss": 0.39953081250190736, "test_loss": 0.469575366973877}