{"train_acc": 0.78, "test_acc": 0.76, "train_loss": 0.4188437795639038, "test_loss": 0.46401718378067014}