{"train_acc": 0.7725, "test_acc": 0.765, "train_loss": 0.42310484051704406, "test_loss": 0.45152141094207765}