{"train_acc": 0.78125, "test_acc": 0.775, "train_loss": 0.38632784366607664, "test_loss": 0.41299123644828795}