{"train_acc": 0.77, "test_acc": 0.705, "train_loss": 0.3869676160812378, "test_loss": 0.4725518369674683}