{"train_acc": 0.79125, "test_acc": 0.74, "train_loss": 0.4194882035255432, "test_loss": 0.44924251914024355}