{"train_acc": 0.7875, "test_acc": 0.74, "train_loss": 0.3736592721939087, "test_loss": 0.46883176565170287}