{"train_acc": 0.78375, "test_acc": 0.735, "train_loss": 0.39546732425689696, "test_loss": 0.4876884400844574}