{"train_acc": 0.82925, "test_acc": 0.797, "train_loss": 0.361441232919693, "test_loss": 0.461738543510437}