{"train_acc": 0.82325, "test_acc": 0.798, "train_loss": 0.39891438150405883, "test_loss": 0.48146483492851255}