{"train_acc": 0.82225, "test_acc": 0.785, "train_loss": 0.37566374135017394, "test_loss": 0.4402402808666229}