{"train_acc": 0.8255, "test_acc": 0.798, "train_loss": 0.3563611316680908, "test_loss": 0.4335492811203003}