{"train_acc": 0.798, "test_acc": 0.764, "train_loss": 0.40495063018798827, "test_loss": 0.4855637125968933}