{"train_acc": 0.80925, "test_acc": 0.799, "train_loss": 0.38552165079116824, "test_loss": 0.4065986585617065}