{"train_acc": 0.8195, "test_acc": 0.799, "train_loss": 0.3695742447376251, "test_loss": 0.4562417948246002}