{"train_acc": 0.8035, "test_acc": 0.786, "train_loss": 0.39674498772621153, "test_loss": 0.470389967918396}