{"train_acc": 0.856, "test_acc": 0.808, "train_loss": 0.3405727205276489, "test_loss": 0.4247973594665527}