{"train_acc": 0.80975, "test_acc": 0.773, "train_loss": 0.4050372531414032, "test_loss": 0.47381148076057433}