{"train_acc": 0.7617977528089888, "test_acc": 0.7847533632286996, "train_loss": 0.4909623547886195, "test_loss": 0.4919674678500992}