{"train_acc": 0.5853932584269663, "test_acc": 0.6367713004484304, "train_loss": 0.6437353135494703, "test_loss": 0.542815344216043}