{"train_acc": 0.7584269662921348, "test_acc": 0.757847533632287, "train_loss": 0.4940530857343352, "test_loss": 0.49227142614634045}