{"train_acc": 0.7561797752808989, "test_acc": 0.7623318385650224, "train_loss": 0.5013368266352107, "test_loss": 0.49395307804971533}