{"train_acc": 0.7348314606741573, "test_acc": 0.7533632286995515, "train_loss": 0.512251256021221, "test_loss": 0.540130246113234}