{"train_acc": 0.7752808988764045, "test_acc": 0.7668161434977578, "train_loss": 0.48179435649614655, "test_loss": 0.4729631305275477}