{"train_acc": 0.7865168539325843, "test_acc": 0.7533632286995515, "train_loss": 0.47198340450779774, "test_loss": 0.5060339877423684}