{"train_acc": 0.751685393258427, "test_acc": 0.7802690582959642, "train_loss": 0.519689301158605, "test_loss": 0.4933184767517808}