{"train_acc": 0.744943820224719, "test_acc": 0.7847533632286996, "train_loss": 0.5109371070111736, "test_loss": 0.4598824757364299}