{"train_acc": 0.7966292134831461, "test_acc": 0.7130044843049327, "train_loss": 0.4517987166227919, "test_loss": 0.5538708858960413}